oracle,generated_summary,generated_summary_no_content
"This Black & Decker steamer is highly recommended for steaming rice and vegetables. It comes in a traditional design that has been popular for many years. It is suitable for frequent use, has a large basket and is easy to clean.","[ASPECTCHAIN] great,steamer | large,basket | other,vegetables [SUMMARY] This steamer is a great steamer for any kitchen! It is large enough to steam multiple vegetables at once and easy to clean. The steamer has a large basket and a screen that allows for adding herbs or spices to enhance the flavor of what you are cooking. It is recommended for steaming other vegetables as well as rice.", This steamer is a great steamer for any kitchen! It is large enough to steam multiple vegetables at once and easy to clean. The steamer has a large basket and a screen that allows for adding herbs or spices to enhance the flavor of what you are cooking. It is recommended for steaming other vegetables as well as rice.
This is a high quality and very versatile Black & Decker steamer. It is a good size and has a great basket which allows it to steam more than one type of food simultaneously. Highly recommended steamer for daily use.,"[ASPECTCHAIN] great,steamer | large,basket | other,vegetables [SUMMARY] This steamer is a great steamer for any kitchen! It is large enough to steam multiple vegetables at once and easy to clean. The steamer has a large basket and a screen that allows for adding herbs or spices to enhance the flavor of what you are cooking. It is recommended for steaming other vegetables as well as rice.", This steamer is a great steamer for any kitchen! It is large enough to steam multiple vegetables at once and easy to clean. The steamer has a large basket and a screen that allows for adding herbs or spices to enhance the flavor of what you are cooking. It is recommended for steaming other vegetables as well as rice.
"This steamer is the same model Black and Decker has made for years, largely unchanged. It is versatile and can be used to steam vegetables, make rice, and cook other things, and can steam multiple items at once. It is highly recommended, and should last for years of daily use.","[ASPECTCHAIN] great,steamer | large,basket | other,vegetables [SUMMARY] This steamer is a great steamer for any kitchen! It is large enough to steam multiple vegetables at once and easy to clean. The steamer has a large basket and a screen that allows for adding herbs or spices to enhance the flavor of what you are cooking. It is recommended for steaming other vegetables as well as rice.", This steamer is a great steamer for any kitchen! It is large enough to steam multiple vegetables at once and easy to clean. The steamer has a large basket and a screen that allows for adding herbs or spices to enhance the flavor of what you are cooking. It is recommended for steaming other vegetables as well as rice.
"These tights are great. They are durable and do not tear easily, they can be worn and washed without worry. The bottoms of can be pulled up easily so that sandals can be worn with them. It might be a good idea to order a size bigger because they can be a little tight in the waist. Overall, these tights are definitely recommended.","[ASPECTCHAIN] great,quality | durable,product | soft,material | great,fit [SUMMARY] These are a great quality product. They are made of soft, durable material that will last a long time. They can be worn with ballet shoes or flip flops, but will also work well with bare feet. The color is beautiful and the fit is great. The material is very durable and will last for years. The fit is"," These are a great quality product. They are made of soft, durable material that will last a long time. They can be worn with ballet shoes or flip flops, but will also work well with bare feet. The color is beautiful and the fit is great. The material is very durable and will last for years. The fit is"
"These transition tights are perfect for children sensitive to the tight sensation other tights have around the foot.  The material is soft and durable; they stand up well to both the rough nature of children, and the washing machine.  This product does tend to run slightly small, so purchasing one size up is recommended.","[ASPECTCHAIN] great,quality | durable,product | soft,material | great,fit [SUMMARY] These are a great quality product. They are made of soft, durable material that will last a long time. They can be worn with ballet shoes or flip flops, but will also work well with bare feet. The color is beautiful and the fit is great. The material is very durable and will last for years. The fit is"," These are a great quality product. They are made of soft, durable material that will last a long time. They can be worn with ballet shoes or flip flops, but will also work well with bare feet. The color is beautiful and the fit is great. The material is very durable and will last for years. The fit is"
Great soft feeling fabric and beautiful color tights. The best feature of the tights is that foot area can be pulled up quickly to allow bare feet and toes to be free. Check the sizing around the waist to allow a comfortable fit.,"[ASPECTCHAIN] great,quality | durable,product | soft,material | great,fit [SUMMARY] These are a great quality product. They are made of soft, durable material that will last a long time. They can be worn with ballet shoes or flip flops, but will also work well with bare feet. The color is beautiful and the fit is great. The material is very durable and will last for years. The fit is"," These are a great quality product. They are made of soft, durable material that will last a long time. They can be worn with ballet shoes or flip flops, but will also work well with bare feet. The color is beautiful and the fit is great. The material is very durable and will last for years. The fit is"
"This 100 pack of DVDs contains many high quality DVDs although some DVDs may be unusable or low quality. The DVDs are not actually gold, they are silver. The pack is recommended if large quantities of DVDs are needed on a usual basis. Otherwise, a smaller pack may be more suitable.","[ASPECTCHAIN] high,quality | silver,coasters | high,price [SUMMARY] This is a high quality DVD + R product. The packaging is too big and allows the spindle to bounce around in the box, which makes it unreliable. The disc may not play well on some DVD players and may have some coasters. Overall, this product is high quality, but not recommended."," This is a high quality DVD + R product. The packaging is too big and allows the spindle to bounce around in the box, which makes it unreliable. The disc may not play well on some DVD players and may have some coasters. Overall, this product is high quality, but not recommended."
"Unlike the description of gold-colored discs, these HP DVD+R discs are actually silver in color, probably because HP stopped producing the gold-color discs. The reliability of HP DVD+R discs is generally high, but may be hit-or-miss with these discs specifically. Despite the caveats, these discs are generally recommended.","[ASPECTCHAIN] high,quality | silver,coasters | high,price [SUMMARY] This is a high quality DVD + R product. The packaging is too big and allows the spindle to bounce around in the box, which makes it unreliable. The disc may not play well on some DVD players and may have some coasters. Overall, this product is high quality, but not recommended."," This is a high quality DVD + R product. The packaging is too big and allows the spindle to bounce around in the box, which makes it unreliable. The disc may not play well on some DVD players and may have some coasters. Overall, this product is high quality, but not recommended."
"These DVDs are good quality from a reliable brand. However, they are the silver coated, not gold coated version. The packs may contain some coasters or an occasion disc which won't play. For casual burners this can be negated by the large number of DVDs available in each pack.","[ASPECTCHAIN] high,quality | silver,coasters | high,price [SUMMARY] This is a high quality DVD + R product. The packaging is too big and allows the spindle to bounce around in the box, which makes it unreliable. The disc may not play well on some DVD players and may have some coasters. Overall, this product is high quality, but not recommended."," This is a high quality DVD + R product. The packaging is too big and allows the spindle to bounce around in the box, which makes it unreliable. The disc may not play well on some DVD players and may have some coasters. Overall, this product is high quality, but not recommended."
"This is a sturdy, durable backpack that's functional and comfortable. There's room for an SLR- sized camera, and also room for a few personal effects, although it does lack much room for extra equipment. Will work perfectly for a casual day trip.","[ASPECTCHAIN] great,backpack | durable,bag | great,pockets [SUMMARY] This backpack is a great backpack for carrying a lot of camera equipment. It is well made, durable, and has great pockets to put your camera accessories. The bag can hold up to a 70-300mm lens, but it may be too big for some. Overall, this bag is highly recommended."," This backpack is a great backpack for carrying a lot of camera equipment. It is well made, durable, and has great pockets to put your camera accessories. The bag can hold up to a 70-300mm lens, but it may be too big for some. Overall, this bag is highly recommended."
"This is a comfortable camera backpack that is able to hold one camera and a few accessories. The sides can be used for personal items if needed. While the straps and back are padded, there is no padding on the interior bottom of the backpack. It is comfortable to wear even though it is a little smaller than expected. The price is okay.","[ASPECTCHAIN] great,backpack | durable,bag | great,pockets [SUMMARY] This backpack is a great backpack for carrying a lot of camera equipment. It is well made, durable, and has great pockets to put your camera accessories. The bag can hold up to a 70-300mm lens, but it may be too big for some. Overall, this bag is highly recommended."," This backpack is a great backpack for carrying a lot of camera equipment. It is well made, durable, and has great pockets to put your camera accessories. The bag can hold up to a 70-300mm lens, but it may be too big for some. Overall, this bag is highly recommended."
"This backpack is compact, durable and can hold a camera along, multiple lenses and has space for other accessories. It's a solid bag for outings and is comfortable with a padded back and padded straps. However, the bottom of the bag lacks padding which means less protection when setting the bag down. Overall, a good quality backpack which is recommended.","[ASPECTCHAIN] great,backpack | durable,bag | great,pockets [SUMMARY] This backpack is a great backpack for carrying a lot of camera equipment. It is well made, durable, and has great pockets to put your camera accessories. The bag can hold up to a 70-300mm lens, but it may be too big for some. Overall, this bag is highly recommended."," This backpack is a great backpack for carrying a lot of camera equipment. It is well made, durable, and has great pockets to put your camera accessories. The bag can hold up to a 70-300mm lens, but it may be too big for some. Overall, this bag is highly recommended."
"Can be a little pricey at $3.80 per bar, but these NuGo bars offer a low calorie, low glycemic index snack that is healthy and still taste great. Taste is reminiscent of Rice Krispie treats, especially the variety with vanilla frosting. Some stores don't carry these bars, but they are available easily online.","[ASPECTCHAIN] high,quality | good,value | great,healthy,beverages | high,satisfaction | low,glycemic index [SUMMARY] These are high quality, high-quality bars that are good for the body. They are low-glycemic and taste great. They keep you full longer than other bars on the market and have a high enough quality to be a great healthy snack for the whole family. They"," These are high quality, high-quality bars that are good for the body. They are low-glycemic and taste great. They keep you full longer than other bars on the market and have a high enough quality to be a great healthy snack for the whole family. They"
"At just 170 calories each, NuGo bars are nice to have for a meal or a snack. The texture is similar to Rice Krispie Treats and they even taste like them. It's hard to believe this is a healthy, soy-based food! They're great to keep handy in case a quick pick-me-up is needed.","[ASPECTCHAIN] high,quality | good,value | great,healthy,beverages | high,satisfaction | low,glycemic index [SUMMARY] These are high quality, high-quality bars that are good for the body. They are low-glycemic and taste great. They keep you full longer than other bars on the market and have a high enough quality to be a great healthy snack for the whole family. They"," These are high quality, high-quality bars that are good for the body. They are low-glycemic and taste great. They keep you full longer than other bars on the market and have a high enough quality to be a great healthy snack for the whole family. They"
"Excellent tasting protein bar, some flavors even taste like dessert. Perfect snack for both children and adults. Not only are NuGo bars delicious, they are also a healthy snack or meal replacement.  They can be a difficult to find in stores or in a particular flavor however,  they are easy to order online. NuGo bars are well worth the higher price .","[ASPECTCHAIN] high,quality | good,value | great,healthy,beverages | high,satisfaction | low,glycemic index [SUMMARY] These are high quality, high-quality bars that are good for the body. They are low-glycemic and taste great. They keep you full longer than other bars on the market and have a high enough quality to be a great healthy snack for the whole family. They"," These are high quality, high-quality bars that are good for the body. They are low-glycemic and taste great. They keep you full longer than other bars on the market and have a high enough quality to be a great healthy snack for the whole family. They"
"The tablets provide a good pump when they actually decide to stay tablets. They tend to seemingly break apart in the container, just leaving powder behind. It is at a great price, at least.","[ASPECTCHAIN] large,size | loose,capsules | good,quality | other,products [SUMMARY] This is a large size of capsule and it tends to blow up when used. It is recommended that the capsules be stored in an original container with the drying agent. The capsules do not break open and the packaging is of good quality.", This is a large size of capsule and it tends to blow up when used. It is recommended that the capsules be stored in an original container with the drying agent. The capsules do not break open and the packaging is of good quality.
These are great for many things including libido and workouts. One downfall of these are they they are difficult to take anywhere because the tablets are a bit loose and turn to powder making them tough to take.,"[ASPECTCHAIN] large,size | loose,capsules | good,quality | other,products [SUMMARY] This is a large size of capsule and it tends to blow up when used. It is recommended that the capsules be stored in an original container with the drying agent. The capsules do not break open and the packaging is of good quality.", This is a large size of capsule and it tends to blow up when used. It is recommended that the capsules be stored in an original container with the drying agent. The capsules do not break open and the packaging is of good quality.
"These pills work extremely well when it comes to vascularity and energy. Just make sure to store them in the container they come in, otherwise there is a chance they could start to disintegrate. Overall, the quality appears to be excellent and on par with other brands.","[ASPECTCHAIN] large,size | loose,capsules | good,quality | other,products [SUMMARY] This is a large size of capsule and it tends to blow up when used. It is recommended that the capsules be stored in an original container with the drying agent. The capsules do not break open and the packaging is of good quality.", This is a large size of capsule and it tends to blow up when used. It is recommended that the capsules be stored in an original container with the drying agent. The capsules do not break open and the packaging is of good quality.
"a good product, compares to the original very good, for the fraction of the size. very convenient when traveling or living in the dorm, since the space is an issue there. there was no power cord, so that should be kept in mind. much better than nose generating apps.","[ASPECTCHAIN] inexpensive,Mpacemaker | high,quality | good,sound | great,product [SUMMARY] This inexpensive Marpac Sleep Mate is a good product for the price. The sound is good, and the ability to dial in the sound effects is great. It is a great product for traveling as it is small and easy to pack. It does not have a lot of options in sound, but it does the job well."," This inexpensive Marpac Sleep Mate is a good product for the price. The sound is good, and the ability to dial in the sound effects is great. It is a great product for traveling as it is small and easy to pack. It does not have a lot of options in sound, but it does the job well."
"This sound machine is a great size for traveling and it runs on batteries. It's made to provide a pleasant atmosphere for sleep, not to drown out loud noises. It only has one sound effect available, rain water, which can be adjusted to go up or down in volume. Overall, it's a good product for creating quieter sounds. However, it's lack of options and low sound intensity makes it a bit overpriced.","[ASPECTCHAIN] inexpensive,Mpacemaker | high,quality | good,sound | great,product [SUMMARY] This inexpensive Marpac Sleep Mate is a good product for the price. The sound is good, and the ability to dial in the sound effects is great. It is a great product for traveling as it is small and easy to pack. It does not have a lot of options in sound, but it does the job well."," This inexpensive Marpac Sleep Mate is a good product for the price. The sound is good, and the ability to dial in the sound effects is great. It is a great product for traveling as it is small and easy to pack. It does not have a lot of options in sound, but it does the job well."
"This Marpac sound machine is compact and sized for travel. It is rather limited in how the sound can be adjusted, but overall the sound itself fills the room and generally drowns out background noise. The build quality is lower than expected for a unit of this price, so waiting for a sale is recommended.","[ASPECTCHAIN] inexpensive,Mpacemaker | high,quality | good,sound | great,product [SUMMARY] This inexpensive Marpac Sleep Mate is a good product for the price. The sound is good, and the ability to dial in the sound effects is great. It is a great product for traveling as it is small and easy to pack. It does not have a lot of options in sound, but it does the job well."," This inexpensive Marpac Sleep Mate is a good product for the price. The sound is good, and the ability to dial in the sound effects is great. It is a great product for traveling as it is small and easy to pack. It does not have a lot of options in sound, but it does the job well."
"These hooks are decent for hanging up very small things. Common household essentials such as oven mittens or kitchen towels are possible to hang up, but give a hassle with the hook sliding down. The magnets attach to the hooks are too small to handle many things, but are pretty strong for it's size.","[ASPECTCHAIN] strong,magnet | small,hooks | other,materials [SUMMARY] These magnets are very strong, but they are not strong enough to hold a lot of weight. They can hold up to a few items, but not much more than that. The hooks look nice and are functional, but the magnets are not very strong. They may, however, work better on other magnetized surfaces."," These magnets are very strong, but they are not strong enough to hold a lot of weight. They can hold up to a few items, but not much more than that. The hooks look nice and are functional, but the magnets are not very strong. They may, however, work better on other magnetized surfaces."
These magnets come up short when it comes to delivering promises. The size of the magnets are fairly large but the magnets tend to be far too weak to actually hold anything up.,"[ASPECTCHAIN] strong,magnet | small,hooks | other,materials [SUMMARY] These magnets are very strong, but they are not strong enough to hold a lot of weight. They can hold up to a few items, but not much more than that. The hooks look nice and are functional, but the magnets are not very strong. They may, however, work better on other magnetized surfaces."," These magnets are very strong, but they are not strong enough to hold a lot of weight. They can hold up to a few items, but not much more than that. The hooks look nice and are functional, but the magnets are not very strong. They may, however, work better on other magnetized surfaces."
These attractive compact magnets look good but are not very functional. Their small size makes the magnets very weak so they won't hold items like kitchen towels or even a heavier set of car keys. The tiny magnets look good as refrigerator decorations but are not recommended to purchase for use as a strong magnet.,"[ASPECTCHAIN] strong,magnet | small,hooks | other,materials [SUMMARY] These magnets are very strong, but they are not strong enough to hold a lot of weight. They can hold up to a few items, but not much more than that. The hooks look nice and are functional, but the magnets are not very strong. They may, however, work better on other magnetized surfaces."," These magnets are very strong, but they are not strong enough to hold a lot of weight. They can hold up to a few items, but not much more than that. The hooks look nice and are functional, but the magnets are not very strong. They may, however, work better on other magnetized surfaces."
"overall impression of the product is negative. in some cases it works nicely, but the settings are confusing to adjust, sometimes it is not clear if they do anything at all. product is not worth the money that it costs, it better to avoid it.","[ASPECTCHAIN] high,quality | great,product [SUMMARY] The VuPoint Digital Scanner is a great product for scanning negatives and slides. It is very easy to use and the software is very user friendly. However, the quality of the product is not great and it takes a lot of time to convert the negatives to digital format. The company ArcSoft charges $10.00 per phone call for tech support. The product does not"," The VuPoint Digital Scanner is a great product for scanning negatives and slides. It is very easy to use and the software is very user friendly. However, the quality of the product is not great and it takes a lot of time to convert the negatives to digital format. The company ArcSoft charges $10.00 per phone call for tech support. The product does not"
"VuPoint Digital Scanner is an efficient scanning tools and easy to use. It is very good at converting old photos too. However, it has no updated version to work with latest software. There is also high rate charges when requesting for tech support in instance of error.","[ASPECTCHAIN] high,quality | great,product [SUMMARY] The VuPoint Digital Scanner is a great product for scanning negatives and slides. It is very easy to use and the software is very user friendly. However, the quality of the product is not great and it takes a lot of time to convert the negatives to digital format. The company ArcSoft charges $10.00 per phone call for tech support. The product does not"," The VuPoint Digital Scanner is a great product for scanning negatives and slides. It is very easy to use and the software is very user friendly. However, the quality of the product is not great and it takes a lot of time to convert the negatives to digital format. The company ArcSoft charges $10.00 per phone call for tech support. The product does not"
"The results with this scanner are sporadic at best- there are many problems with the software drivers and the stringent system requirements that come along with it. It does not work with the most recent versions of Windows, and the company charges for tech support calls.","[ASPECTCHAIN] high,quality | great,product [SUMMARY] The VuPoint Digital Scanner is a great product for scanning negatives and slides. It is very easy to use and the software is very user friendly. However, the quality of the product is not great and it takes a lot of time to convert the negatives to digital format. The company ArcSoft charges $10.00 per phone call for tech support. The product does not"," The VuPoint Digital Scanner is a great product for scanning negatives and slides. It is very easy to use and the software is very user friendly. However, the quality of the product is not great and it takes a lot of time to convert the negatives to digital format. The company ArcSoft charges $10.00 per phone call for tech support. The product does not"
"Bonine tablets are an excellent choice for preventing motion sickness. They effectively prevent motion sickness from cars, boats, and amusement park rides. A bonus: the chewable tablets do not cause drowsiness.","[ASPECTCHAIN] great,alternative | strong,beverage | other,drugs [SUMMARY] BONINE is a great alternative to other medications for motion sickness. It doesn't make the user sleepy or drowsy, but it does help with the nausea and it works better than other drugs. The chewable tablets don't taste too bad and the dosage is easy to swallow, so it can be taken in the morning or"," BONINE is a great alternative to other medications for motion sickness. It doesn't make the user sleepy or drowsy, but it does help with the nausea and it works better than other drugs. The chewable tablets don't taste too bad and the dosage is easy to swallow, so it can be taken in the morning or"
"This is a very effective option for dealing with motion sickness. It can be used for car rides, amusement parks and even multi-day cruises, all without the side effects seen with Dramamine. This is an easy to take pill which won't cause drowsiness often works with one dose. It is a highly recommended product for prevention of motion sickness.","[ASPECTCHAIN] great,alternative | strong,beverage | other,drugs [SUMMARY] BONINE is a great alternative to other medications for motion sickness. It doesn't make the user sleepy or drowsy, but it does help with the nausea and it works better than other drugs. The chewable tablets don't taste too bad and the dosage is easy to swallow, so it can be taken in the morning or"," BONINE is a great alternative to other medications for motion sickness. It doesn't make the user sleepy or drowsy, but it does help with the nausea and it works better than other drugs. The chewable tablets don't taste too bad and the dosage is easy to swallow, so it can be taken in the morning or"
This medication is a true lifesaver when it comes to motion sickness. The tablets are easy to take and easy to travel with and it seems to cause less drowsiness when compared to other medications of this type. It is good to always have this on hand just in case when traveling.,"[ASPECTCHAIN] great,alternative | strong,beverage | other,drugs [SUMMARY] BONINE is a great alternative to other medications for motion sickness. It doesn't make the user sleepy or drowsy, but it does help with the nausea and it works better than other drugs. The chewable tablets don't taste too bad and the dosage is easy to swallow, so it can be taken in the morning or"," BONINE is a great alternative to other medications for motion sickness. It doesn't make the user sleepy or drowsy, but it does help with the nausea and it works better than other drugs. The chewable tablets don't taste too bad and the dosage is easy to swallow, so it can be taken in the morning or"
What an impressive Thomas the Train costume! It will fit any train loving toddler for at least a few Halloween seasons due to its roomy design. The candy pocket on the front is an adorable touch. And it's so stinkin' cute! Absolutely worth the price.,"[ASPECTCHAIN] perfect,Thomas costume | great,fit | perfect,fit [SUMMARY] This Thomas the train costume is perfect for a child of any age. The fit is perfect and the candy pouch is huge enough to carry a lot of candy without being too big or bulky. The hat is thin, but completes the outfit nicely. The costume looks great and fits well. It's a great fit for any child, but especially for Thomas"," This Thomas the train costume is perfect for a child of any age. The fit is perfect and the candy pouch is huge enough to carry a lot of candy without being too big or bulky. The hat is thin, but completes the outfit nicely. The costume looks great and fits well. It's a great fit for any child, but especially for Thomas"
"A perfect Thomas Halloween costume, complete with an over-sized candy holding pouch. With plenty of room, this costume fits best for children 20 months to 3 years of age. It may even allow for multiple Halloween uses. The fabric is a little thin but overall, perfect quality for a Halloween costume. Kids absolutely love it!","[ASPECTCHAIN] perfect,Thomas costume | great,fit | perfect,fit [SUMMARY] This Thomas the train costume is perfect for a child of any age. The fit is perfect and the candy pouch is huge enough to carry a lot of candy without being too big or bulky. The hat is thin, but completes the outfit nicely. The costume looks great and fits well. It's a great fit for any child, but especially for Thomas"," This Thomas the train costume is perfect for a child of any age. The fit is perfect and the candy pouch is huge enough to carry a lot of candy without being too big or bulky. The hat is thin, but completes the outfit nicely. The costume looks great and fits well. It's a great fit for any child, but especially for Thomas"
"This Thomas the Tank costume is perfect for small children. It fits most children up to five or six years old, and could even be used multiple times as the child grows. It has a handy pouch on the front that holds a large load of candy. The costume is highly recommended.","[ASPECTCHAIN] perfect,Thomas costume | great,fit | perfect,fit [SUMMARY] This Thomas the train costume is perfect for a child of any age. The fit is perfect and the candy pouch is huge enough to carry a lot of candy without being too big or bulky. The hat is thin, but completes the outfit nicely. The costume looks great and fits well. It's a great fit for any child, but especially for Thomas"," This Thomas the train costume is perfect for a child of any age. The fit is perfect and the candy pouch is huge enough to carry a lot of candy without being too big or bulky. The hat is thin, but completes the outfit nicely. The costume looks great and fits well. It's a great fit for any child, but especially for Thomas"
"This is a good battery that is easy to install and works as a replacement for failed batteries. The price is good and a much cheaper alternative to use as a replacement. While there are instances of DOA batteries, most experiences are positive. With a good price and easy installation this battery is recommended.","[ASPECTCHAIN] good,quality | other,batteries [SUMMARY] This battery is of good quality and holds a charge quite well. The price is reasonable and it is easy to install as a direct drop-in replacement for the existing / failing battery. It is recommended as a replacement for other batteries that are not holding a charge. The shipping speed and customer service from this seller is excellent.", This battery is of good quality and holds a charge quite well. The price is reasonable and it is easy to install as a direct drop-in replacement for the existing / failing battery. It is recommended as a replacement for other batteries that are not holding a charge. The shipping speed and customer service from this seller is excellent.
"The battery offers a good affordable value and works as well as one would expect. Overall, shipping time is faster than expected and customer service is very reasonable when any issues do arise.","[ASPECTCHAIN] good,quality | other,batteries [SUMMARY] This battery is of good quality and holds a charge quite well. The price is reasonable and it is easy to install as a direct drop-in replacement for the existing / failing battery. It is recommended as a replacement for other batteries that are not holding a charge. The shipping speed and customer service from this seller is excellent.", This battery is of good quality and holds a charge quite well. The price is reasonable and it is easy to install as a direct drop-in replacement for the existing / failing battery. It is recommended as a replacement for other batteries that are not holding a charge. The shipping speed and customer service from this seller is excellent.
"This replacement battery is the same size used in many home alarms, computer power backups, etc. It is sized correctly, works well, and priced right. However, sometimes a battery shows up dead on arrival, and sometimes the vendor may substitute a different brand of unknown quality, so caution is advised when ordering.","[ASPECTCHAIN] good,quality | other,batteries [SUMMARY] This battery is of good quality and holds a charge quite well. The price is reasonable and it is easy to install as a direct drop-in replacement for the existing / failing battery. It is recommended as a replacement for other batteries that are not holding a charge. The shipping speed and customer service from this seller is excellent.", This battery is of good quality and holds a charge quite well. The price is reasonable and it is easy to install as a direct drop-in replacement for the existing / failing battery. It is recommended as a replacement for other batteries that are not holding a charge. The shipping speed and customer service from this seller is excellent.
"This chicken roaster works both in the oven and on the grill. It's a great way to cook a whole chicken and has a pan underneath to catch all the drippings. It can be used with a beer can or without, and holds a large chicken. It's a little tall, so it may not work in all ovens and barbecue grills.","[ASPECTCHAIN] great,alternative to rotisserie chicken | large,chicken | great,juices | other,food [SUMMARY] This chicken roaster is great for cooking large chickens on a grill or in the oven. It holds a normal size beer can but not a bottle. The chicken comes out perfectly cooked and the skin nice and crispy every time! The drippings collect nicely in the pan under the roaster which makes", This chicken roaster is great for cooking large chickens on a grill or in the oven. It holds a normal size beer can but not a bottle. The chicken comes out perfectly cooked and the skin nice and crispy every time! The drippings collect nicely in the pan under the roaster which makes
"Excellent for cooking whole chickens perfectly when traditional grilling is not possible or inconvenient. Features a collapsible design and the drip pan underneath catches any drippings making for an easy clean up, or to use for basting. Best for medium sized chickens so it properly fits inside the oven or grill.","[ASPECTCHAIN] great,alternative to rotisserie chicken | large,chicken | great,juices | other,food [SUMMARY] This chicken roaster is great for cooking large chickens on a grill or in the oven. It holds a normal size beer can but not a bottle. The chicken comes out perfectly cooked and the skin nice and crispy every time! The drippings collect nicely in the pan under the roaster which makes", This chicken roaster is great for cooking large chickens on a grill or in the oven. It holds a normal size beer can but not a bottle. The chicken comes out perfectly cooked and the skin nice and crispy every time! The drippings collect nicely in the pan under the roaster which makes
"The product is easy to use as well, has a collapsible design, and is very sturdy. The oven will hold a full size chicken, cooks evenly and leaves the meat moist. Also included is a drip pan for underneath to prevent major clean ups.","[ASPECTCHAIN] great,alternative to rotisserie chicken | large,chicken | great,juices | other,food [SUMMARY] This chicken roaster is great for cooking large chickens on a grill or in the oven. It holds a normal size beer can but not a bottle. The chicken comes out perfectly cooked and the skin nice and crispy every time! The drippings collect nicely in the pan under the roaster which makes", This chicken roaster is great for cooking large chickens on a grill or in the oven. It holds a normal size beer can but not a bottle. The chicken comes out perfectly cooked and the skin nice and crispy every time! The drippings collect nicely in the pan under the roaster which makes
"This is a great ice maker that works quickly, is easy to use, and can be used in a variety of situations (camping, poolside, parties, etc). It is durable and reliable, even in extreme temperatures. Though it is different from a regular ice machine, it can be used to have ice 24/7.","[ASPECTCHAIN] fast,efficient,freezer ice maker | large,size | great,product [SUMMARY] This is a very fast and efficient freezer ice maker. It makes ice in minutes and is easy to operate. It is great for entertaining parties or just for keeping the temperature up on a patio. It has been cleaned one a month and has NEVER stopped or had any kind of problems.  It is a great product for keeping cool", This is a very fast and efficient freezer ice maker. It makes ice in minutes and is easy to operate. It is great for entertaining parties or just for keeping the temperature up on a patio. It has been cleaned one a month and has NEVER stopped or had any kind of problems.  It is a great product for keeping cool
"Awesome ice maker that is easy to use, makes ice quickly, and is much more reliable than most ice makers built into refrigerators. Works well for parties and entertaining, RV traveling, as well as to save money not needing to buy ice from the store. It will eventually pay for itself!","[ASPECTCHAIN] fast,efficient,freezer ice maker | large,size | great,product [SUMMARY] This is a very fast and efficient freezer ice maker. It makes ice in minutes and is easy to operate. It is great for entertaining parties or just for keeping the temperature up on a patio. It has been cleaned one a month and has NEVER stopped or had any kind of problems.  It is a great product for keeping cool", This is a very fast and efficient freezer ice maker. It makes ice in minutes and is easy to operate. It is great for entertaining parties or just for keeping the temperature up on a patio. It has been cleaned one a month and has NEVER stopped or had any kind of problems.  It is a great product for keeping cool
"This ice maker performs very well and consistently produces nice, large cubes of ice. It is well built and lasts for many years of use without issue even in extreme temperatures. Useful for parties, entertaining and camping, it's simple to operate, fast and efficient but does need to be manually emptied and cleaned.","[ASPECTCHAIN] fast,efficient,freezer ice maker | large,size | great,product [SUMMARY] This is a very fast and efficient freezer ice maker. It makes ice in minutes and is easy to operate. It is great for entertaining parties or just for keeping the temperature up on a patio. It has been cleaned one a month and has NEVER stopped or had any kind of problems.  It is a great product for keeping cool", This is a very fast and efficient freezer ice maker. It makes ice in minutes and is easy to operate. It is great for entertaining parties or just for keeping the temperature up on a patio. It has been cleaned one a month and has NEVER stopped or had any kind of problems.  It is a great product for keeping cool
This is a high quality easy to use tortilla maker. This machine can make delicious tortillas every time. The technique is easy to learn and can be mastered quickly so that every batch of tortillas made is fresh and delicious. This machine is highly recommended for easily making homemade tortillas.,"[ASPECTCHAIN] great,tortilla maker | easy,treating | manual,control | great,product [SUMMARY] This tortilla maker is a great product at a great price. The manual control is easy to use, but it requires some trial and error to make it work right. The product is great for making tortillas, but not for making roti or chapatti. It is recommended for making burritos or other quick"," This tortilla maker is a great product at a great price. The manual control is easy to use, but it requires some trial and error to make it work right. The product is great for making tortillas, but not for making roti or chapatti. It is recommended for making burritos or other quick"
"This is a very versatile machine and can make tortillas, crepes, pizzas, and similar items. It can save a family money over time since the ingredients needed are very cheap versus store bought items. It's easy and enjoyable to use. Overall, a good item for someone looking to cook their own tortillas.","[ASPECTCHAIN] great,tortilla maker | easy,treating | manual,control | great,product [SUMMARY] This tortilla maker is a great product at a great price. The manual control is easy to use, but it requires some trial and error to make it work right. The product is great for making tortillas, but not for making roti or chapatti. It is recommended for making burritos or other quick"," This tortilla maker is a great product at a great price. The manual control is easy to use, but it requires some trial and error to make it work right. The product is great for making tortillas, but not for making roti or chapatti. It is recommended for making burritos or other quick"
"This tortilla maker requires an initial learning period, but after some experience produces perfect tortillas which taste much better than store-bought alternatives. This machine is well worth the cost since over time money will be saved by not having to buy tortillas at the store. This machine is highly recommended.","[ASPECTCHAIN] great,tortilla maker | easy,treating | manual,control | great,product [SUMMARY] This tortilla maker is a great product at a great price. The manual control is easy to use, but it requires some trial and error to make it work right. The product is great for making tortillas, but not for making roti or chapatti. It is recommended for making burritos or other quick"," This tortilla maker is a great product at a great price. The manual control is easy to use, but it requires some trial and error to make it work right. The product is great for making tortillas, but not for making roti or chapatti. It is recommended for making burritos or other quick"
Purse looks great. The bag is cute and flashy but the size is smaller than expected overall. The stones and straps are not very durable and break or fall off easily.,"[ASPECTCHAIN] great,bag | good,quality | many,stiles | small,bag [SUMMARY] This bag is a great bag, but it's a little too small and the straps tend to come off. The stones tend to fall off a lot, so it's best to return it. The material is good quality, but the bag is too small to carry a lot of items."," This bag is a great bag, but it's a little too small and the straps tend to come off. The stones tend to fall off a lot, so it's best to return it. The material is good quality, but the bag is too small to carry a lot of items."
"The purse is perfect in visually, with a beautiful look and shape. However, the bag is smaller than pictured and the straps of the purse break almost immediately. The decorative stones fall off often and the quality it cheap. Overall, it is not a recommended purchase.","[ASPECTCHAIN] great,bag | good,quality | many,stiles | small,bag [SUMMARY] This bag is a great bag, but it's a little too small and the straps tend to come off. The stones tend to fall off a lot, so it's best to return it. The material is good quality, but the bag is too small to carry a lot of items."," This bag is a great bag, but it's a little too small and the straps tend to come off. The stones tend to fall off a lot, so it's best to return it. The material is good quality, but the bag is too small to carry a lot of items."
"This is a beautiful purse, but it lacks durability. The bag is poor quality and it's too small. The straps are also too short which can lead to them breaking off entirely. Another quality issue with this bag is that the stones fall off with continued use of the purse.","[ASPECTCHAIN] great,bag | good,quality | many,stiles | small,bag [SUMMARY] This bag is a great bag, but it's a little too small and the straps tend to come off. The stones tend to fall off a lot, so it's best to return it. The material is good quality, but the bag is too small to carry a lot of items."," This bag is a great bag, but it's a little too small and the straps tend to come off. The stones tend to fall off a lot, so it's best to return it. The material is good quality, but the bag is too small to carry a lot of items."
"This solar charger works well at first and charges phones well but does not adequately charge iPads or Kindles. The LED flashlight is quite bright. Performance over time is not reliable as the charge battery begins to not hold charge. A battery charge level indicator would be helpful. Overall, a decent purchase for a backup or travel.","[ASPECTCHAIN] great,alternative | high,quality | bright,light | other,devices [SUMMARY] This solar charger is a great alternative to a power source for charging other devices. It can be charged with electricity or solar power making it a great backup for charging devices. The light on the side of the charger is very bright which makes it useful for using while on a hike or on a safari. However, it does not"," This solar charger is a great alternative to a power source for charging other devices. It can be charged with electricity or solar power making it a great backup for charging devices. The light on the side of the charger is very bright which makes it useful for using while on a hike or on a safari. However, it does not"
The solar charger is good fit for travel bag. The LED light is one of the best function of this charger as its very bright. Though will recommend this charger to charge the cell phones only as it does not have capacity to charge other devices such as Tablets.,"[ASPECTCHAIN] great,alternative | high,quality | bright,light | other,devices [SUMMARY] This solar charger is a great alternative to a power source for charging other devices. It can be charged with electricity or solar power making it a great backup for charging devices. The light on the side of the charger is very bright which makes it useful for using while on a hike or on a safari. However, it does not"," This solar charger is a great alternative to a power source for charging other devices. It can be charged with electricity or solar power making it a great backup for charging devices. The light on the side of the charger is very bright which makes it useful for using while on a hike or on a safari. However, it does not"
"This solar-powered charger performs inconsistently, charging some devices fully but failing to properly charge others. The LED flashlight is too bright  and there is no accurate display of charge level. It's not reliable enough for everyday use, but can be convenient for long trips without a consistent access to a power source.","[ASPECTCHAIN] great,alternative | high,quality | bright,light | other,devices [SUMMARY] This solar charger is a great alternative to a power source for charging other devices. It can be charged with electricity or solar power making it a great backup for charging devices. The light on the side of the charger is very bright which makes it useful for using while on a hike or on a safari. However, it does not"," This solar charger is a great alternative to a power source for charging other devices. It can be charged with electricity or solar power making it a great backup for charging devices. The light on the side of the charger is very bright which makes it useful for using while on a hike or on a safari. However, it does not"
"These athletic shoes are comfortable and good looking. They fit well, provide good support and can be worn every day or for long outings. The shoes are true to size and have a good selection of colors. Overall, these are a great athletic shoe for the price. They are highly recommended.","[ASPECTCHAIN] great,support | high,quality | great,price [SUMMARY] These Reeboks are great for the price and provide great support for the feet. They run true to size and the colors are great. They will help with arch support and cushion the feet well. Overall, this product is highly recommended at this price."," These Reeboks are great for the price and provide great support for the feet. They run true to size and the colors are great. They will help with arch support and cushion the feet well. Overall, this product is highly recommended at this price."
"These shoes run true to size, do a good job supporting the arch of the foot and are well-suited for exercise. They're good looking, comfortable, and the sole feels soft and cushioned. Overall they are a nice, light-weight pair of shoes and come in a variety of stylish colors.","[ASPECTCHAIN] great,support | high,quality | great,price [SUMMARY] These Reeboks are great for the price and provide great support for the feet. They run true to size and the colors are great. They will help with arch support and cushion the feet well. Overall, this product is highly recommended at this price."," These Reeboks are great for the price and provide great support for the feet. They run true to size and the colors are great. They will help with arch support and cushion the feet well. Overall, this product is highly recommended at this price."
"These are very stylish, well-fitting, supportive sneakers. They are available in a variety of colors and can be worn casually anywhere. They are lightweight while still providing a lot of cushion to keep your feet feeling great. Highly recommended sneaker from Reebok","[ASPECTCHAIN] great,support | high,quality | great,price [SUMMARY] These Reeboks are great for the price and provide great support for the feet. They run true to size and the colors are great. They will help with arch support and cushion the feet well. Overall, this product is highly recommended at this price."," These Reeboks are great for the price and provide great support for the feet. They run true to size and the colors are great. They will help with arch support and cushion the feet well. Overall, this product is highly recommended at this price."
"This is a comfortable to wear tank, however, it runs small and the material feels a bit thin.  The length is actually average and not long, or tunic length as described.  Washes well, but expect a bit of shrinkage.  Overall, underwhelming and a tad overpriced for the quality of the garment received.","[ASPECTCHAIN] thin,material | long,fit | good,quality | great,quality [SUMMARY] The material used to make this tank is thin and the description says it is long, but it doesn't show up well in the photo. The fit is good, but not great, and the color is a bit off. Overall, this is a good quality tank that is great for layering."," The material used to make this tank is thin and the description says it is long, but it doesn't show up well in the photo. The fit is good, but not great, and the color is a bit off. Overall, this is a good quality tank that is great for layering."
"The tank top is advertised as a long, but is actually normal-to-short in length. It is fine for layering under other clothes, but the material is thin, and the tank is priced a little high for the quality. It is really not recommended for anything but wearing under other clothes.","[ASPECTCHAIN] thin,material | long,fit | good,quality | great,quality [SUMMARY] The material used to make this tank is thin and the description says it is long, but it doesn't show up well in the photo. The fit is good, but not great, and the color is a bit off. Overall, this is a good quality tank that is great for layering."," The material used to make this tank is thin and the description says it is long, but it doesn't show up well in the photo. The fit is good, but not great, and the color is a bit off. Overall, this is a good quality tank that is great for layering."
"This is a good looking and comfortable tank top. However, it is not a long tank top that will cover below the hips. The tank top is average length and it tends to run small sizewise. The quality is good but the material is thin making it good for layering.","[ASPECTCHAIN] thin,material | long,fit | good,quality | great,quality [SUMMARY] The material used to make this tank is thin and the description says it is long, but it doesn't show up well in the photo. The fit is good, but not great, and the color is a bit off. Overall, this is a good quality tank that is great for layering."," The material used to make this tank is thin and the description says it is long, but it doesn't show up well in the photo. The fit is good, but not great, and the color is a bit off. Overall, this is a good quality tank that is great for layering."
"This camera produces high-quality pictures and is the perfect size, making it very easy to carry. It has an impressive low light option that can be helpful in areas where flash is not allowed as well as a variety of configurations and features. Overall it's a fairly priced, decent starter camera.","[ASPECTCHAIN] high,quality | great,buy | good,price [SUMMARY] This is a great buy for a first time photographer! The quality of the photos taken with this camera is great and it is easy to use. The low light feature is outstanding and will be very helpful in museums and other venues where flash is not allowed. It is a good buy at a good price and is recommended for first time photographers. The only drawback", This is a great buy for a first time photographer! The quality of the photos taken with this camera is great and it is easy to use. The low light feature is outstanding and will be very helpful in museums and other venues where flash is not allowed. It is a good buy at a good price and is recommended for first time photographers. The only drawback
This high quality camera is a low cost alternative to a DSLR. The camera's easy to use but still has many useful features like low light and auto presets. It's a good size for carrying around and can be used in different lightings. SD card sold separately. Highly recommended for high quality professional photos.,"[ASPECTCHAIN] high,quality | great,buy | good,price [SUMMARY] This is a great buy for a first time photographer! The quality of the photos taken with this camera is great and it is easy to use. The low light feature is outstanding and will be very helpful in museums and other venues where flash is not allowed. It is a good buy at a good price and is recommended for first time photographers. The only drawback", This is a great buy for a first time photographer! The quality of the photos taken with this camera is great and it is easy to use. The low light feature is outstanding and will be very helpful in museums and other venues where flash is not allowed. It is a good buy at a good price and is recommended for first time photographers. The only drawback
"Consumers love this camera for its small size (fits in a pocket), ease of use, clarity of the pictures, and the low light feature. The camera has auo presents and some other options. A limited internal memory makes an SD card a must. One complaint about the battery was registered.  Highly recommended.","[ASPECTCHAIN] high,quality | great,buy | good,price [SUMMARY] This is a great buy for a first time photographer! The quality of the photos taken with this camera is great and it is easy to use. The low light feature is outstanding and will be very helpful in museums and other venues where flash is not allowed. It is a good buy at a good price and is recommended for first time photographers. The only drawback", This is a great buy for a first time photographer! The quality of the photos taken with this camera is great and it is easy to use. The low light feature is outstanding and will be very helpful in museums and other venues where flash is not allowed. It is a good buy at a good price and is recommended for first time photographers. The only drawback
