CS2731 - Fall 2020,
PHYS0174 - Fall 2020,
CS1501 - Fall 2021,247
CMPINF 0010 - Fall 2021 / COMPINF 0010 - Fall 2021,252
ENGR Course,
ENGR132 - Fall 2020,
PHYS0175_1230 - Spring 2021,
ENGR131_S015 - Fall 2020,
ENGR13-011_V2 - Spring 2022,317
ENGR132-014 - Spring 2022,303
CS1501 - Spring 2022,314
PHYS 0174 - Fall 2021,264
PHYS 0175 - Spring 2022,310
COMPINF 0010 - Spring 2022,298
ENGR131-002 - Fall 2021,267
CS1501-11 - Fall 2021,276
ENGR132-014 - Spring 2022,303
ENGR132-012_v2 - Spring 2022,318
ENGR 131-013 - Fall 2021,265
CS 0441B - Spring 2022,321
Phys174 - Spring 2021,
CS0441B - Fall 2021 / CS 0441B - Fall 2021,280
ENGR 131-002 - Spring 2022,304
ENGR131 LC3 - Fall 2021,279
ENGR132 003 - Spring 2022,308
PHYS0175_1160 - Spring 2021,
ENGR131_S014 - Fall 2020,